salesid;salespersonid;customerid;productid;quantity;discount;totalprice;salesdate;transactionnumber
71;19;40719;362;11;0.2;0;20180509;BXEMQ4XMJEG4WRDO5OEK
217;3;49867;258;13;;0;20180509;A2ZG6FI1TTT5N5WUWE4A
425;5;71738;8;19;;0;20180509;RP5PLNCUEXQ36I0V7LVO
427;2;60282;410;16;;0;20180509;8YOYPU3HB4EO12DI0I93
699;19;34724;317;9;;0;20180509;2DIXASMK4U4HJBNQ9KN0
751;7;27573;345;7;0.1;0;20180509;CFELPASCYUCGF7IFG828
808;4;97755;332;25;;0;20180509;Q45FC3HB74S6UR89463O
830;3;55531;338;15;;0;20180509;DLY48QK5VKIQE3VTY7TR
860;14;15734;2;4;0.1;0;20180509;C5KA7L7ZP4LODFMGI825
996;21;72202;218;19;0.1;0;20180509;0N5O20RPTJA1NOL806NI
1003;2;54178;138;14;;0;20180509;E2MZZ0WVW0FWA99GPVIV
1304;7;24547;103;7;0.2;0;20180509;4NEU05CXHIY1S10OHVB2
1472;1;76696;422;20;;0;20180509;V9G7Q9JC1QO49FUNCGAB
1743;12;98072;101;25;;0;20180509;F1WJK444XVV9TY0AHO10
1766;17;55814;147;15;0.1;0;20180509;Z4ZPEFM8DN2YBA8MR97A
2048;18;95822;344;25;;0;20180509;VIDQOAXDKPZ8GR1HX3JJ
2060;6;33289;438;9;;0;20180509;Y6OITQXTSMH71COODYEA
2208;9;96748;396;25;;0;20180509;92TDJKH3HJ112I09AZR4
2454;21;66532;378;17;;0;20180509;FSV2Y9V0S2NRM1JCHFDF
2682;7;55560;436;15;;0;20180509;6YY022FFCH3SP3AUUJYN
2832;10;97800;173;25;;0;20180509;HGKV4CSH9Y2LIWFZKA7S
2841;5;26203;171;7;;0;20180509;CA4V4RPTDNKTKD60RDNY
2903;5;25558;147;7;0.1;0;20180509;ZZ9AP9F8ZG1P6GVIHGUU
3077;2;23267;440;6;;0;20180509;10HOF6UXNN2TG3JT0OBD
3188;22;75110;9;20;;0;20180509;W94UG1C9ZXRL8RHVGNU6
3266;8;94189;174;24;0.1;0;20180509;X22AFV6I4WYD59N04415
3353;18;31085;305;8;;0;20180509;BVSLA3ICD6G4P0ZZDE68
3397;23;15173;193;4;;0;20180509;ODONC2AYGTH2LD7TTQ38
3472;16;11921;366;4;;0;20180509;IVCT1JNHW91EY0PN0BUZ
3559;23;43311;289;11;;0;20180509;RBZPO1X9U9JB8DLKWAD5
4063;10;34456;340;9;;0;20180509;1KBSEPGJ740P1CHYBQ6I
4093;14;19744;47;5;;0;20180509;C4GKXJ3L5A47BHI0YX7L
4249;17;26608;285;7;;0;20180509;LLJ6ZHJT8872RAXBZB42
4256;19;25249;421;7;;0;20180509;LUI3TG30L7UMAHSLJ0SM
4300;18;65421;230;17;0.2;0;20180509;KY5S1FUFKDHCZOTQGJ95
4374;14;60383;69;16;;0;20180509;YVM0LJJ9V9Y7ZAPMXI3D
4447;3;19331;154;5;;0;20180509;AFGCT0MCQI6SVOW1W1JD
4702;1;73267;132;19;;0;20180509;C8IS5IQ63WZB608I3NGM
4759;23;65014;67;17;0.1;0;20180509;MTHWONGOQ1AXWE34UZBN
4903;7;62571;79;16;;0;20180509;YJP7VD7MDZJV7OJ2YVE8
5256;2;82445;209;21;;0;20180509;QCYVAB8NGPFBSPX8AFC2
5289;2;78209;409;20;;0;20180509;2PE4Q8DOG1A1NWHT5PID
5353;19;64802;413;17;;0;20180509;IB5I0NLVWH69II7E4M7P
5357;2;1000;418;1;;0;20180509;ZMUBAQO3IC32S5JWBV3U
5402;11;63577;429;17;;0;20180509;1G1QMRWLM1VXKXYVO4O3
5837;7;38337;20;10;;0;20180509;HT6ZLOP1Z4W1D8D78EVE
6026;7;5294;322;2;;0;20180509;E2R2UGKJCWK9UQG2UVT5
6056;9;49782;81;13;;0;20180509;2SHGDZDZ2ROKPS027OU7
6365;9;11942;347;4;;0;20180509;DSGZ32VQED5T6VDBC0Q1
6637;7;467;256;1;;0;20180509;OTB3C69QLZL4ZMNUGZBW
7146;19;42499;178;11;;0;20180509;7L9LN4E9R49YY63KNMG5
7231;14;69610;385;18;;0;20180509;VLRT6YQP0BM7LOE1NILG
7564;1;58956;202;15;;0;20180509;IK4RHYN2UKB8DSWNWNE0
7795;16;24360;54;7;0.2;0;20180509;7GV5RR32XS5ER26Q3RKN
7920;19;96087;314;25;;0;20180509;3GLSHIQ049XBP6BCQG0D
7932;18;74601;121;19;0.2;0;20180509;5Z54N4H39F8TXXWEHYRU
8290;7;90925;386;24;;0;20180509;Q2R1YHWBBPQG866JDBYY
8363;22;26636;362;7;;0;20180509;IL0Q65CYQR96KLDQDPME
8389;3;90584;291;23;;0;20180509;Q680KEWDWAF07JW89P53
8482;21;98426;304;25;;0;20180509;OD50OZGUDW49EV1MMOC5
8577;3;12368;66;4;;0;20180509;FH8IXV8JVTB2B24X3JS4
8641;19;88017;21;23;;0;20180509;N5J9MP8KVZWCWYAQ3VMV
8715;8;79616;243;21;;0;20180509;O95EAZ408ILQ0WXN7MJL
8736;21;60537;97;16;;0;20180509;BWMES7S7DGYTLBLJ1BKX
9149;7;57564;241;15;0.1;0;20180509;HHD5JHJZSMCYHBF425LB
9306;2;87423;41;23;;0;20180509;I8ZD856STTWWRMO05I8K
9325;8;93275;394;24;;0;20180509;JNVROJ5LVZXOFRBZ2BJH
9337;21;98489;74;25;0.2;0;20180509;U55PPSA1Y13XKR0X1VT1
9438;7;13486;176;4;;0;20180509;XOUAJEXREUIC0V9D8AFW
9458;1;49325;314;13;;0;20180509;RHYIEBGE2NJXBPE3IQ8G
9499;20;58220;314;15;;0;20180509;DP1TJ72U7GUNEYJQXJBF
9580;6;76537;48;20;;0;20180509;R0FOZD8VSOX42ZRFOEEJ
9752;1;23464;16;6;;0;20180509;HI05BZOIQTA3S9C5OIQF
9920;1;68854;313;18;;0;20180509;79C8JKP1TAH8HX0ACFTV
9966;22;46529;358;12;;0;20180509;BCOF1FGDOG6VAWZ3BONB
9967;7;12867;410;4;0.2;0;20180509;8XGU4WT48WGKHQY883SA
10079;1;91614;349;24;;0;20180509;QFEN0ZWXZ5PLY78GPKLF
10193;7;3159;64;1;0.1;0;20180509;K763JXLBBB1YJJP3LUHB
10297;11;26916;219;7;;0;20180509;OWPLDYV1GQLGFN9F01W3
10306;14;28973;384;8;;0;20180509;DLOXT2L9REWPYZSZ8HDM
10420;2;86419;49;22;0.1;0;20180509;T5SRJREPCCGGFGBT133C
10703;15;36513;221;10;;0;20180509;RJ9LB2YBD694OM88H16G
10876;10;5594;229;2;;0;20180509;I0RKTH53OZ843SBPB4CU
10889;15;26481;107;7;;0;20180509;CTPH7Y95XUN3SVFX9VBM
10899;13;25671;154;7;;0;20180509;VNSEUFLG5ZPCT549DRNB
11005;21;42391;118;11;;0;20180509;NM09R1BWX9JQY7CQ120G
11146;13;39848;95;11;0.1;0;20180509;9L046C4OEUZSI1XREVQ6
11158;23;55527;421;15;0.1;0;20180509;593U94X693D3QW3SVGEY
11365;5;32756;243;9;0.2;0;20180509;RBEENJEEQYKW580HTZIL
11490;5;17233;303;5;;0;20180509;4NZ0Q092U2GAW99UTQU8
11527;21;39543;83;11;;0;20180509;OG1BY28J12KLSIA47JHA
11649;9;68395;94;18;;0;20180509;4D37CZ0E40C9CT2F6S6V
11683;7;27614;123;7;;0;20180509;YFBY20I2IYZ8KYFP8KN5
11709;14;7176;374;2;0.2;0;20180509;HWTEWLQ74K2IGE66XP9Z
11729;7;28537;144;8;;0;20180509;9709M77U0AOA7WVU85DP
11738;13;59292;92;16;;0;20180509;BW8IUX0YOY1G2OW4SIMX
12159;8;78588;451;20;0.2;0;20180509;5LLI8DIDQMTS87VI1L6Q
12319;11;68961;28;18;0.2;0;20180509;7AS39RCAP01AUTDJDRFN
12324;13;50910;2;13;;0;20180509;HTT9H7QNXTGWBNMGX7FT
12510;1;64828;285;17;0.1;0;20180509;GG56O693S1EKQXSEMB08
12574;3;12196;59;4;;0;20180509;B471U8EE2JDC6SBIOQ29
12706;20;20588;326;6;;0;20180509;DJK4J80F6Z8YUSDZVQUX
13108;22;69795;171;18;;0;20180509;JKI58ZALIE0H89JPJP1F
13195;19;8069;3;3;;0;20180509;H9ELY0HR3HXAKF43S5FL
13244;3;32915;297;9;;0;20180509;9NP3V5L8LW16FKRBXWH5
13327;14;56975;251;15;0.1;0;20180509;7I0R685BFLZFYM2URAZ3
13604;22;85624;343;22;;0;20180509;168GHTM54NY49XESUA6Y
13616;21;3347;350;1;0.2;0;20180509;7RG9XT2YPVZXLAQUIJ8Q
13851;4;66304;200;17;0.1;0;20180509;IE9NTHKRFDS0LVJD9I6Z
14115;4;49005;447;13;;0;20180509;TNREYUYKLIDX9HD8PA9I
14375;1;72374;131;19;;0;20180509;AQHFOYR0WJ107FZ1Q3PH
14717;20;4294;383;2;;0;20180509;T5903IT3A0V3II5Q5Z6E
15115;16;59206;218;15;;0;20180509;OU9TIUHI53F29FDYGFR9
15250;11;41346;382;11;0.1;0;20180509;YU9LC65JJ9A5AYETRGRT
15326;8;22029;249;6;;0;20180509;KY6NHKMXIVKP51Y3A1QZ
15425;13;71132;209;19;;0;20180509;LJ4AK9QM2TV8Y77B8ICX
15643;22;2843;71;1;;0;20180509;B6ZLXK34UCMEP3NUZHB4
15755;15;28202;348;8;;0;20180509;XTOA4QGNW6L5D4R1EWHX
15903;23;42801;268;11;;0;20180509;9DNNJRRWA3Y7FX3IM7DX
16068;4;51803;269;14;0.1;0;20180509;YDRYFTM9C1932RL4WXDC
16094;4;20320;356;6;0.1;0;20180509;HIHXZ4K6THP62GA72KRC
16134;23;79165;23;21;;0;20180509;W1HVUB2B4IXWAMWEL4IK
16154;22;814;285;1;;0;20180509;E7RNBK55V8RQ53VD71DE
16215;13;85223;153;22;;0;20180509;MAE3L5SI2NOUGO8RJ4BX
16401;13;67003;169;17;;0;20180509;7FUTG4SF321W4B2IRY7G
16499;9;54379;133;14;;0;20180509;JPQFZEXFTX6SSVCS6PU9
16510;13;22925;360;6;;0;20180509;RT2XN64706L3445BYFRC
16684;8;41680;251;11;;0;20180509;6BAS6ZDSL1W9ZU2BFVLY
16784;7;9878;379;3;;0;20180509;TQ73GVRF6A1UF3K442ZK
16936;19;56504;96;15;0.1;0;20180509;WHR6HILNYNBQJ1GE0ZQE
16978;11;61790;385;16;;0;20180509;M4V1EEM14EO9NTBX5NU8
17133;21;42632;327;11;;0;20180509;M4D11MFQZLNM32XJHI53
17137;10;4473;439;2;0.2;0;20180509;TRSU47O781NTX7FBZA99
17180;23;32564;167;9;;0;20180509;HVZQTHBCJT77A4ZAS9OP
17217;12;67143;427;17;;0;20180509;RGL0ST09140BU2W3YAZH
17535;13;50026;425;13;;0;20180509;Z72TD2UA3RLZWN2TN4BC
17582;23;30430;133;8;;0;20180509;L7RDV57PZ2ST5003ZN8M
17595;23;28625;342;8;;0;20180509;2EXRFJD92ZPVUOBOJA6J
17763;22;13201;432;4;;0;20180509;HPUX1TRWMZ6OA4P283LH
17794;19;44204;427;12;;0;20180509;YEE4FZRXBMWLU6WHVE52
17860;21;26292;142;7;;0;20180509;ZBCFYRTEIF87CXWD2BH3
17940;7;81926;283;21;;0;20180509;LY5G9WOGLSQ3PSKYEMR1
18336;18;85815;11;22;0.2;0;20180509;Q5ZEK2S8PW8SOT6OHO8H
18462;8;48785;115;13;;0;20180509;7TT1FBR2MD375CVHJG38
18701;7;64224;326;17;;0;20180509;WOKAKHDYVHAT3D0FZ3U2
18917;19;36820;317;10;;0;20180509;XXVWFX3QVMOZVDDALJEF
18942;6;28454;389;8;;0;20180509;TEPLVXENOST58NB15BYN
19022;3;72640;312;19;;0;20180509;USHVFK82M4ZA0EIJRC6K
19110;5;32890;252;9;;0;20180509;2494EUBSTPF37H3Y34Q1
19153;10;27192;38;7;;0;20180509;NBXSSSYA88CGBNF0JGM1
19268;22;18737;257;5;;0;20180509;F5TPKNF0T00F7W0ORHDW
19448;19;3980;175;2;;0;20180509;JQDB0UQOYJSQ15GEK39G
19492;22;7434;131;2;;0;20180509;LYF8PIA1CX9YCAKKVJYS
19539;3;80391;380;21;;0;20180509;S9B80PO2W3X6EV0XK5BY
19607;2;34158;110;9;;0;20180509;MEK6NHX1UH8SCT2P7H5A
19723;19;96202;325;25;;0;20180509;27NKS9ER7XGJ6PWYBD38
19902;14;74092;219;19;;0;20180509;OZ12LVPWACHINL5G3A4F
20131;14;39294;50;10;;0;20180509;C3MJ2FFRC4VA5CY2MANM
20135;17;40594;197;11;;0;20180509;P3SZZ9X6R5ORPWJXZM3I
20179;20;66687;427;17;;0;20180509;SRRA10M5Y81NM7AX8UO5
20279;18;35342;103;9;;0;20180509;YECXY7S4AZ9RDFX1C1OH
20541;22;92111;192;24;;0;20180509;UM6DLG677DTKNQN5NHJ2
20612;12;89537;231;23;;0;20180509;0ILU3VDB72VYF3GTLOOS
20844;20;97776;333;25;;0;20180509;3US420NLN3XTY8XBWKK8
20852;2;94029;138;24;0.1;0;20180509;WWVKK4EULDAQEDE04X56
21105;15;77638;229;20;0.2;0;20180509;ZCD5PM1YDR51BH5RZY2U
21142;11;8835;252;3;;0;20180509;QQWOLJL1L4T827W3UIKF
21277;1;88868;335;23;;0;20180509;7QERKR2WFFG1UFEWACEM
21320;15;26389;97;7;;0;20180509;NC6BSY3VKU13RG8SK4R2
21432;12;49108;447;13;;0;20180509;3QZ71L8VKG1GQ6YX4YNB
21512;20;92365;270;24;;0;20180509;G334P00CQTLLJ4PQ7JS4
21720;19;92953;65;24;;0;20180509;PGJUTLILHJFHC6LSG1XG
21808;6;58211;280;15;;0;20180509;IGF4HIG6AYF6RH5LOM6S
22170;4;87930;444;23;;0;20180509;OUVV9S8SJ9OHWWD7C50O
22232;16;21947;15;6;;0;20180509;VOGHC3FJNFBH9KKF3DF5
22264;15;51792;392;14;;0;20180509;NYPHIMUVMARQTX8ZOSU1
22265;10;7378;242;2;0.2;0;20180509;RG89KFAF4MUDI7KCLZ45
22431;11;46523;218;12;;0;20180509;779LHNH27MWCT08TC92I
22466;19;11475;267;3;;0;20180509;C4OOI8117L6RL5LJYUWR
22582;9;29816;88;8;;0;20180509;ZOSQM4XS9PNL2E25M5X7
22822;15;32963;397;9;0.1;0;20180509;2IS853J5DS9XMNU1CNHD
22845;4;93902;289;24;;0;20180509;1G8DULND6JADD2K9AL07
22914;15;76484;435;20;;0;20180509;33QGA155NZS009NOBTKH
23002;9;62808;22;16;;0;20180509;AT7QIHNJ7941MC3RCF4M
23058;10;77418;147;20;;0;20180509;EALBRAW3PJQA58185MTN
23390;2;7529;260;2;0.2;0;20180509;LTO82W4106ZXBSALJI8E
23457;22;47075;142;12;0.2;0;20180509;5W5W965T6NCT1WGI5XJG
23557;2;4672;243;2;;0;20180509;2T1RKDB6MP1J2FME0JLX
23752;11;15511;85;4;0.2;0;20180509;68ST07BRCTOAU07KKT52
23795;21;20332;315;6;;0;20180509;6PAJPFCXX0NH3J1WHMOB
23907;5;87584;181;23;;0;20180509;C4RAKDIDRINXRON4PMD6
23910;2;71013;80;18;;0;20180509;URIZHKNU7ANZQO6RHH2F
24464;7;22396;299;6;0.1;0;20180509;K7GDJXNIN7KDRYS3ONDR
24797;13;778;98;1;;0;20180509;MJGWZFKSSYH4OS62XAVU
24853;7;23588;307;6;;0;20180509;5CRKNDRSZVX7M25SNIQ1
24879;18;61189;195;16;;0;20180509;7XXZRRQOFAC2WHJ99MMG
24918;14;85016;114;22;;0;20180509;9B8SXB2TH4ABYI15G8MX
24950;4;30156;247;8;;0;20180509;CWAWFY06R4FB0B2NDPCH
25041;17;60070;431;16;;0;20180509;5MDWCDHV7QF1UHFOGYWR
25125;14;50812;179;13;;0;20180509;Z41LW9H52CQV0AIVJGVY
25133;13;3756;126;1;;0;20180509;KCHMV6P2P8Q0ROWQGCBE
25147;2;43322;231;11;;0;20180509;ZS5TEHN2GV8OTLQAJ9H6
25371;23;44648;306;12;;0;20180509;5U8QWYFG80C1KQM3UCBJ
25457;11;3989;182;2;;0;20180509;FRJCYB3S9NG03LB96IC4
25644;17;60851;438;16;;0;20180509;5G229NDKSAYOEWGC25GV
25667;9;20103;420;6;0.2;0;20180509;G66GIXUV0S3OUJHOARRW
25911;11;36694;329;10;;0;20180509;ORZ0ZV9FHS1NR0WYNI20
25925;9;85254;54;22;;0;20180509;XKXCBOED04LWB8S4SPMC
26144;6;14466;234;4;0.2;0;20180509;ZQX3JOJLGT1TJYL9KKMG
26372;1;66410;296;17;;0;20180509;81J8F3YSIDYL0G38662M
26940;10;93410;343;24;;0;20180509;KF3N62TMZQNQWVJRODWK
27005;15;39833;40;11;;0;20180509;FT5NGQUVIAUO853OMXMO
27207;23;65746;305;17;0.2;0;20180509;QZJQTJVXRSYY4CH8YS04
27215;21;68432;165;18;;0;20180509;NXZED6HAJCT818CPX0E6
27945;3;57137;115;15;0.2;0;20180509;4O7IND3P9TDDQDEG6MRY
28078;8;90314;141;23;;0;20180509;U8BKE8K031IOH8GPGUGO
28611;7;47327;341;12;;0;20180509;R0BI8WZKQGBI4FMGED1A
28843;20;76105;284;20;0.2;0;20180509;7CO2XAD1MO9G5VSBLYC6
28938;16;8334;317;3;;0;20180509;WDYL2CLZX3I5JEXF8SDX
29197;18;77493;358;20;;0;20180509;PLZBAX5UE26Y8M0KZFJS
29274;13;43497;118;12;0.2;0;20180509;Q7RVQQMBNUPJZJUWFLVK
29391;21;33986;23;9;0.1;0;20180509;HXA0NZ0FAXE4K79QX8HN
29473;6;84660;358;22;;0;20180509;0RGBKYSBDAVTPOVSFFJ0
29481;20;76937;321;20;0.2;0;20180509;URVY778RCPP9I7HOS894
29536;13;1506;318;1;;0;20180509;9VOXFZTG9QMQE4A74TAK
29624;10;30549;286;8;;0;20180509;KKPMGX6WXY4OW7QRQEJS
29668;20;55803;304;15;0.2;0;20180509;ABEJO1TFNXIM56J7XK85
29967;18;27408;21;7;0.1;0;20180509;7EYIXG7YVDFXK28ZNB3P
29978;15;68710;367;18;0.1;0;20180509;JX4PZ7V29IPI24BPC6FV
29995;7;56957;231;15;;0;20180509;MHRDBBQ7QQ1L8XR84AOL
30004;13;34947;255;9;;0;20180509;NG11QV515EVCA3WMP7RT
30171;10;6599;9;2;;0;20180509;VU3WCL88ZWJR8TJJR796
30234;8;50978;139;13;;0;20180509;YG2FU0RNW70N5G22EJUU
30265;15;57430;219;15;0.2;0;20180509;TD3RVQEKGCPZN2T5D1Q1
30292;10;66822;43;17;;0;20180509;GSFQQ6J6841VXYX8EVVZ
30386;16;63209;272;17;;0;20180509;K1SD6948HXR51TT6C6W9
30615;9;19547;212;5;0.2;0;20180509;HGIHFDEUJIWC3HN0VXQJ
30703;20;16808;287;5;0.2;0;20180509;SNI8DJMX9RXH4Q1TVSPI
30787;21;11679;204;3;;0;20180509;UPXXQY4KDVXHCU6Y1CD8
30790;5;57269;306;15;;0;20180509;ZW29K964S91HJPL2B1LL
30853;1;52989;127;14;;0;20180509;6ZCNQ4ID7CJHETLY0BT3
31001;12;62195;380;16;;0;20180509;BE0ZEGWYZWVF0A9ORIUH
31085;2;53750;121;14;;0;20180509;NQIYFO0A2OCBPILPG93K
31272;22;65932;353;17;0.1;0;20180509;MIM83EQBGFNWDY11E67N
31815;11;19602;127;5;;0;20180509;68POY93UU1LEU2XQK14K
31892;22;77277;18;20;;0;20180509;CZJZW81EQ3ZADR3EBBLV
32016;21;4827;116;2;;0;20180509;WG12UHFWVKLQTPJR4UZK
32081;23;90110;135;23;;0;20180509;IJO4YBP6WIA8A5GQN67P
32176;5;81658;337;21;;0;20180509;SKMV98O035TE2WOY2PI8
32223;12;33817;262;9;;0;20180509;27CSVCKH1BT1UMSZT8KW
32242;5;38634;91;10;;0;20180509;WYCX9VPNWUPN7Q1WVSUG
32245;23;61656;277;16;;0;20180509;EHZCMKNVV2I60GZOHF9Q
32930;20;53159;267;14;;0;20180509;6N00KSERF9CYR7FE0KK6
33009;3;15912;116;5;;0;20180509;47I9WM0D2K7VZ8W44UVH
33259;7;22946;305;6;;0;20180509;6Q29T2F3U172LY46XGDB
33484;4;56574;92;15;0.1;0;20180509;5Z1ZGYKN45RNF1AD1OHU
33543;18;69543;269;18;;0;20180509;DZNPO4R1BDMV0ULFE45T
34123;3;60825;175;16;0.1;0;20180509;80RRN3H74HSGHL274KJL
34389;16;4109;255;2;;0;20180509;BVKFW4WVCO02O71V6QH5
34477;23;72646;166;19;0.1;0;20180509;2CN53LLDQSNPXNY3HBU4
34610;10;48512;53;13;;0;20180509;DOJNFEPPYI8PVOE6V99W
34679;4;18692;114;5;;0;20180509;GZ0RDEBI8JSF2KWCKC9Q
34981;12;24663;165;7;;0;20180509;LSNJAG1LZ7M1CY7OSQRX
35140;3;91158;54;24;;0;20180509;JH0NUX234QET98UV5M19
35198;14;14188;206;4;;0;20180509;KW7FL6H3YQC2576TJRCZ
35277;7;4380;74;2;;0;20180509;E91DPM7CCJZ459167OHN
35313;5;15808;62;5;;0;20180509;TX2V5JNLMI12KSX7BP9Q
35408;2;70206;304;18;0.2;0;20180509;ZTEYHSNZQ1H1AOCK635W
35532;6;75203;18;20;;0;20180509;QFA85BWJC78S4UAX42ZJ
35761;2;97363;166;25;;0;20180509;32TVQ0OP1OWMMZUQ4IC4
35765;19;92039;296;24;0.1;0;20180509;LS2YIZV9OLAW18EEV5IP
35827;9;26545;284;7;0.2;0;20180509;8TC87Q4JDHHLEBII7XE6
35971;23;35718;422;10;;0;20180509;DS1NVMNAHJPCYWMYAA23
36202;14;31822;181;9;;0;20180509;QRLHAJ1N7S41AZ9YL9RD
36271;2;45657;15;12;;0;20180509;RPXC275A75H8MZ7DTRS9
36320;19;76619;345;20;;0;20180509;E2XMT8NWJ5WP0GZTASBV
36341;13;8910;197;3;;0;20180509;BFP3LL0CAZVKHTPAVWUI
36412;16;74063;163;19;;0;20180509;1QMTZ4FKQC2P3WBEUFV4
36490;19;4702;173;2;;0;20180509;OUIL0S5UBQM76CC9UUKZ
36700;17;80802;429;21;;0;20180509;5L788ALRXWGLI25EINBL
36795;6;80742;323;21;;0;20180509;MVRETWLWGAZGVLALA950
36817;17;85503;40;22;;0;20180509;E8UYEQ98FVKD58NE4JPG
36825;8;81219;17;21;;0;20180509;QJOEWUEH73EXM26B4MVP
36840;9;26005;262;7;;0;20180509;LRA7BVUPYNQFUC72OKPY
36953;7;14380;188;4;;0;20180509;BD3H0ITP6AUKAFE68CIC
36978;13;58365;307;15;;0;20180509;SOMMMQ1WMRFN2JFOG3VM
37191;5;31727;442;9;;0;20180509;1QG38JLL69ZMUXRYZ3IG
37271;8;92456;382;24;;0;20180509;T17SC8LHQJ5EJDD9NSBN
37744;18;29310;54;8;0.2;0;20180509;2OJDBC4B6W0O809GLKPA
37879;12;55145;282;14;0.2;0;20180509;RPZ1YE1R30LLDWIIWHY3
37930;14;75320;24;20;;0;20180509;RWM7ABFAGC8RQF7ENEGE
38012;3;93805;313;24;;0;20180509;CYVT8GR9F1RSXHULZ5GY
38124;14;92624;442;24;0.1;0;20180509;IVBUP9MQ06RONC8EQ6JE
38163;19;2812;155;1;;0;20180509;TJNYNCP26BJFU1W31WIU
38164;2;92145;107;24;;0;20180509;O0XN66XEC3CRFTFRXSL8
38175;4;3183;375;1;;0;20180509;V1UO80ZICFESBCM8OKIF
38768;18;88516;284;23;;0;20180509;ADHFLAK17D09L9IHCBAT
38771;12;2919;161;1;;0;20180509;S9BMN3QTF333Z0RTOM56
38876;17;39867;206;11;;0;20180509;4JO0R82U6PJ5SRKFRW0L
38973;6;89677;182;23;;0;20180509;4U9DAQFWPLT144LLQECT
39177;19;66732;451;17;;0;20180509;B4X4Y1X0FC9PIBIOMCR4
39194;21;27217;145;7;;0;20180509;IHGGVQUBGV607IT4UOJ6
39204;12;37004;324;10;;0;20180509;ELCKE5L6AE2FWSOE71A2
39267;22;27636;123;7;;0;20180509;M93U3INKY5K9YL62HJY3
39427;6;51867;437;14;;0;20180509;PSOXK5CJUA0XK4MX28K1
40105;1;66705;68;17;;0;20180509;GWT4JKACSQVBGSNQ1XU7
40553;7;11513;174;3;;0;20180509;30HIDKOVK3VSK0SM1A4L
40687;15;72665;169;19;;0;20180509;65MHRHMD6J4GHMHYBRLS
40704;9;20332;432;6;;0;20180509;L7XPYKOTSCQUOK6H2N8L
40923;3;55958;126;15;;0;20180509;ERMD4152BBBNRII9FZSU
41201;7;93063;411;24;;0;20180509;M4MA6D6MEXR13AEQUUI1
41236;23;37285;222;10;;0;20180509;NTV9T0OE1RAJ5IBHK9AH
41370;11;44611;418;12;0.1;0;20180509;I57D0Y9KFFZLAZUXTLQ9
41423;23;72021;375;19;;0;20180509;S8A601HX34AIBLLFV6G0
41477;21;6694;378;2;;0;20180509;3SVSMR0UI4ASW8JYHKPE
41964;10;63360;448;17;;0;20180509;C60P37HKYUP0WQIWUI6G
42001;21;14619;21;4;;0;20180509;EMSYI8TZQRADOW7C873G
42063;16;45643;78;12;;0;20180509;JWZQ1AV0UOAF5ZS7PBHM
42082;13;28487;414;8;;0;20180509;0O702NFDKAMQ37VU5ZNL
42122;3;8768;246;3;0.2;0;20180509;TY2BFP8GO49W6E95Y153
42203;9;36499;382;10;;0;20180509;GRRYATH4EPSK7A13WFOD
42345;4;63993;186;17;0.1;0;20180509;UT12XEW9LDC6KIWC66PY
42371;9;57062;190;15;;0;20180509;2YT20BPTD23MARG0YHX5
42389;12;21003;368;6;0.1;0;20180509;EL5X3TN53VSCDA52FK0G
42472;17;34105;118;9;;0;20180509;H189ATZS3R8YG0LW7DDS
42738;16;51789;148;14;;0;20180509;GSTGZ7IP2U1ZN275QFZC
42780;7;93981;421;24;;0;20180509;EEVNQJ7M5VNIDZXW4CE1
42905;6;52600;427;14;;0;20180509;LZ8BS8SFZSR55QGLWDLT
43253;9;24096;40;7;;0;20180509;U6RVKYH2Q1JPPVYMYH08
43289;18;64401;447;17;0.1;0;20180509;ZOGCZVXCY7QYT18BCPZE
43444;6;9303;163;3;0.2;0;20180509;2T22NJVYAZUSQ3A0EXV8
43484;20;83770;152;22;;0;20180509;8E7016LLMVRC34VLF563
43494;15;24666;85;7;;0;20180509;IOWVUOFJX5C566SA6CIZ
44162;15;69352;365;18;;0;20180509;7D7YU8ZFRCL74T2EFT3U
44425;22;74086;217;19;;0;20180509;3XOYQ0ACC0TESBJB7N1X
44517;15;4820;303;2;;0;20180509;MIZLQ47IWM0JEYF6YDE5
44565;10;84185;9;22;;0;20180509;97TSEY6U2JNE07OYJKSA
44574;23;67437;329;18;;0;20180509;TDB1ASEES61YYGSLVA42
44674;6;36517;31;10;;0;20180509;N85V0EL12UG8EUTG8SFK
44956;3;45351;222;12;;0;20180509;8F4IGIFO0TTVJMPTO30H
45254;18;1594;411;1;;0;20180509;Z8NB94DLO3JNUITBU15Y
45386;5;41972;344;11;;0;20180509;NAIP3RPRB62H21AVLI8K
45552;18;49772;47;13;;0;20180509;F3II231A5BZIP8I489VP
45594;20;68668;203;18;0.2;0;20180509;VXPXPD443MHUPY64S3OT
45626;20;30424;1;8;;0;20180509;MZMJBST1QKPSE30L0912
45711;15;54002;423;14;;0;20180509;0N40BYZKF72HEXJUMZBC
45772;22;62689;73;16;0.1;0;20180509;YYBMO2YBKDIPECCDQ4UQ
45947;23;24964;303;7;;0;20180509;G7ZD8GZEX8OLTFD70RSH
46117;12;85465;414;22;;0;20180509;7Y9VD8L0D64IZHMXU8YE
46173;17;23547;233;6;;0;20180509;FCM107J5U5EJFUM9P3BQ
46277;15;42793;55;11;;0;20180509;H2P4FOK2DGC5VL3NKJHD
46366;8;87047;91;23;0.1;0;20180509;OQXDBO2X7QA9RYNNWZDR
46566;11;18429;358;5;;0;20180509;LH6IW2EN3RVX3S9GUTXC
46743;20;68025;213;18;;0;20180509;IVEP6QIB796ZTB6M0S1B
46757;11;62013;394;16;;0;20180509;OCM6DOCC5CNRLCAR1QWV
46858;9;50275;328;13;;0;20180509;WDAFV85FVUWAV8OWDW3S
46868;6;16208;258;5;;0;20180509;NYSP92674FE7UA7532F3
46949;22;58925;36;15;;0;20180509;2OJZ26SKCU9NVK2TLI3Z
47058;23;81696;286;21;0.2;0;20180509;SDSLXRPGEBVH9JDPJCMI
47230;22;33585;434;9;;0;20180509;4SXX6ZMS0JZR31ZU9Y3F
47578;4;4558;408;2;;0;20180509;O6ECQWRKLLWKEBN0FDN7
47605;21;27103;377;7;0.1;0;20180509;PZEODUKLT9UCPE7NCX8K
48230;15;70500;392;18;;0;20180509;3FE57D1GKHEOP2A1LYEX
48518;18;82476;192;21;0.2;0;20180509;W7EPG0JEANM2QGABSKTG
48640;16;24024;52;7;;0;20180509;NY0DMVLV8HBV70XR60ES
48685;13;5238;359;2;0.2;0;20180509;9LH17ZCWZ9DD43F1I8GC
48901;10;1115;404;1;;0;20180509;R0YL3IUTNA62LZE69IOT
48978;16;90456;352;23;0.2;0;20180509;04WNDRT0LA8EXMQ7RPZS
49131;7;2956;299;1;;0;20180509;004G0QEBZPRWYPOM35MW
49252;20;17691;315;5;;0;20180509;IFCGM3BAOQ90AQAF4K6Y
49313;14;82204;314;21;;0;20180509;VKFDMIHMTOX90W3WWP8Q
49328;19;95550;98;25;;0;20180509;BGINZGWQL3H7VOLYLO9N
49639;4;61774;372;16;0.1;0;20180509;SJEWJ6GWQNUAHQCWW1YP
49678;20;1758;354;1;;0;20180509;O0WO4O02Z7JBVRR2XB9Y
49809;15;77814;224;20;;0;20180509;1UB0SSRPETXX3FHI502Q
49853;4;2894;168;1;;0;20180509;W2KCAXC95GLF3JFOL8XS
50063;15;9259;359;3;;0;20180509;4GMN2DN2955EPVFKAWQN
50133;3;2885;188;1;;0;20180509;TAGOS12HCAVMI4PTUOLY
50142;6;874;65;1;;0;20180509;QM09J1OILVWTO740EX2Y
50323;21;6079;370;2;0.2;0;20180509;KBYI9YP2PSMN7S9B4P7G
50438;8;67780;326;18;0.2;0;20180509;DLURR9PTWQ1T579KVAYF
50442;7;49087;138;13;0.1;0;20180509;6V1WR5Z4UVRCSTNB8ZRD
50632;1;51189;358;13;;0;20180509;BVPEUAJAUPH45IJUM7Q1
50695;13;87988;195;23;0.1;0;20180509;H2ZBZVFGCVZ5T3TS3B3B
50761;12;70677;234;18;;0;20180509;QN3A1TBUWGNWTTZZQ1UB
50887;13;71007;228;18;;0;20180509;XLF3IYRQIQKQ99OJEHP3
50904;13;8309;414;3;;0;20180509;MZ3G2GFBSXE9VVZMODUF
51057;16;91387;130;24;;0;20180509;KUAICDBXCAMRQJLDNPLR
51085;13;10374;433;3;;0;20180509;WBS3011TWYSZL1750TU7
51190;9;15164;142;4;;0;20180509;Y3YTHAHUV903EDYNVXAL
51228;21;4104;356;2;;0;20180509;DSZBTQH8XF8W7S5MOH7S
51239;12;34400;293;9;;0;20180509;YBX0TWJ5H30R88AUGRE6
51263;6;71282;214;19;;0;20180509;65WH0FF7KQPKIH2EJO8C
51621;16;42999;35;11;;0;20180509;WERXB07S5E0FIHY47SBO
51720;18;63391;224;17;0.2;0;20180509;8K6DB3R6FOJHPHHUF1CR
52039;7;2176;281;1;0.2;0;20180509;G030YW4W09SKNI2PMQ76
52351;14;47115;137;12;;0;20180509;PYLJOCW399L16HSREFMR
52439;19;23338;404;6;;0;20180509;FRVKG06V3QVQSCKLDYEC
52489;22;86352;131;22;0.1;0;20180509;42JEOMJI7JD10HXJWS18
52533;19;94774;80;24;;0;20180509;V6H3K7M7X223PTML4UP2
52823;14;53832;214;14;;0;20180509;159J9OIIN1DF0P50KTUM
52826;21;65782;139;17;;0;20180509;W028L4BYBIGP15B32C9X
52861;13;33946;8;9;;0;20180509;MCXZ6IQN8VN05VWSHFYW
52930;21;17279;277;5;;0;20180509;VKPDOXMDN7FJFB7K6TKA
53015;22;5592;327;2;;0;20180509;J23B9TB1ZKWPEH1XBBFQ
53082;20;82447;133;21;;0;20180509;VJT3IS6UGY5IVAAVX1J3
53143;4;16935;309;5;;0;20180509;WLOIYOY3SYO9P8RATC29
53157;19;68558;9;18;;0;20180509;VZVA5PZTZWE9BDTORLJI
53260;6;66517;138;17;;0;20180509;49NW2BDPFHT4C12PBPZ7
53268;5;48281;196;13;;0;20180509;A1IULDLZQOTPO6TFDWKN
53318;20;66853;178;17;;0;20180509;YTMYONJCAGE0BUXEOET9
53353;1;20084;203;6;;0;20180509;1BTNW1QKLGBPDZ1ZJI0K
53405;19;55326;308;15;;0;20180509;TB27XAA5DIP24224VHJJ
53409;22;36635;232;10;0.1;0;20180509;E5G85P7TCE8AG7HCZZFG
53453;15;91804;411;24;;0;20180509;JHH98SWC1X6ZQM5GG92D
53567;18;44711;451;12;;0;20180509;Y6UXBI9FW0LVA7F8F9HA
53741;10;42697;428;11;0.1;0;20180509;W4HDSGC608XP4C8B8ZWR
53876;7;95697;1;25;;0;20180509;OWCDXDKT0DMZ3DW3KPVK
54087;20;37888;77;10;;0;20180509;AQWTMF1PL0KINTYSRS2B
54203;2;58789;190;15;;0;20180509;HZ5S5QRIKWGDD55PS4SU
54239;14;51461;194;14;0.1;0;20180509;OD0P5UL9FZMA84QUW2BD
54339;9;52855;354;14;;0;20180509;VH1O4YIV60KOYS26LEAG
54378;13;91305;444;24;;0;20180509;DQCA4Y2S6FKA5PFM6VU5
54723;21;24433;352;7;;0;20180509;OH5VQHMS5DOY097VBSQY
54956;2;16694;377;5;;0;20180509;55S3UN04N74LU0HKEOTW
55456;16;44530;289;12;;0;20180509;2FRKJ5ADCZQW81P6FSTJ
55463;12;54309;44;14;;0;20180509;CKQEI70S1CLUPKRHQK2U
55522;2;13563;103;4;;0;20180509;JHGMLTJ9UG5O2AZ3F2RH
55656;19;5592;189;2;;0;20180509;KV96UN2S6IMQP4SYR8AQ
55843;20;79839;329;21;;0;20180509;DT1WNWWLT40RS2Q5MUWP
55920;3;42885;189;11;;0;20180509;AOQRKN59LQVFXR0KZ1S7
56021;17;13665;113;4;;0;20180509;DLE4RPDUPSBOK3C1JMTY
56027;16;5972;302;2;;0;20180509;Z4BKPF9ON6EEU4C01YF0
56460;5;61623;111;16;0.1;0;20180509;ICYHYHB4LVZIKU2NJJUX
56546;7;15331;204;4;;0;20180509;WFGUTKUVVH3EVFT3K59S
56664;17;15120;154;4;;0;20180509;JK53WG5ZRW1PABY406JA
56875;11;71072;39;18;;0;20180509;3UR61D8AF7C1VQSHU75A
56979;17;83637;236;22;;0;20180509;HNKRZIZ2JPGBKIE4O0ES
57213;19;41393;158;11;;0;20180509;PL5XH66F9MNW95OCRTLX
57496;8;11861;364;4;;0;20180509;CPR73I2CM5VIKSNQEP03
57506;20;33885;268;9;0.2;0;20180509;RIHO3RGOT14CO1R5LBSR
57714;7;73346;207;19;;0;20180509;HX7MR07RBTJE1TLUZO8D
57783;18;54740;111;14;;0;20180509;5KBZLQGCY7UZSN64R943
57889;17;58175;398;15;0.2;0;20180509;NRDZUPIYT6SG11R2EBSS
57933;11;92063;80;24;;0;20180509;J0XRKDTQPXWLE7K23MXB
58095;19;17708;122;5;;0;20180509;RHVCDN6V55VA6VI70TU3
58191;4;30154;252;8;;0;20180509;LFR73YFE9XN8AKN4NXJ8
58348;16;78515;230;20;;0;20180509;HD1Y5U1581YO3EPF39H6
58358;21;41951;332;11;0.2;0;20180509;B9ZOWE4LCRYP6Q61PMP0
58390;19;29260;6;8;;0;20180509;DPDKW1IZMN5MB6HSQK8S
58544;19;89444;28;23;;0;20180509;CTF3TLRXL5824CI9MB2H
58607;6;77164;43;20;;0;20180509;2QRD0LFAT3JW7X60ZNQE
58902;18;13366;78;4;;0;20180509;SI3OW4INSTD9BDTJLPQ3
58903;23;98683;12;25;;0;20180509;Z05BENRSX5WJJ3H584OH
59039;15;28819;127;8;0.1;0;20180509;RDK0TTNX1DJWW55G1BI3
59060;19;16358;87;5;0.1;0;20180509;SRZTMYM7BO89U2XH98CU
59094;19;12462;40;4;;0;20180509;6780Z9P07WRKV7JENZ1F
59188;15;58655;7;15;;0;20180509;PBI09G0CPRT496K95OU0
59475;6;33608;223;9;0.2;0;20180509;UJCRZB3Y24JGKG5DT566
59564;19;76098;319;20;;0;20180509;XMHMF7VXPCHQJKWDBXRZ
59585;3;68444;38;18;;0;20180509;7Y14NNO5O3VA08R692EZ
59881;4;9018;450;3;;0;20180509;RD5BQS2CX6K9DEZBSI6M
59975;16;39448;215;10;;0;20180509;JOAU7VPMXFQANUER5JHL
60637;21;12368;221;4;;0;20180509;KAS2Z1OJMSIHWUHZIN02
60721;9;74083;381;19;;0;20180509;NBDXIUJHVZEFBHV79AWK
60761;2;39479;400;10;;0;20180509;W457N8F9XJ4D5YIVG0C6
60823;4;14448;49;4;;0;20180509;1SSL5QO71TPRJ4N0ER38
60880;13;90965;440;24;;0;20180509;RQE6N8CD4PVO02F6VDU2
61040;4;5128;175;2;;0;20180509;UUHJXWJXD08ZOQXM6B99
61057;1;17521;199;5;0.2;0;20180509;EO5TAHX933ODREGHDJQG
61059;14;27542;155;7;;0;20180509;NO1V9AD888KR4JWJXL6L
61140;22;59650;36;16;;0;20180509;33JKD5UVR0KRDL0CHZBR
61148;14;86955;143;23;0.1;0;20180509;VNU5JXTZ378HX46YF4KY
61153;11;6192;228;2;;0;20180509;SAGYDPLQF2FIBRBZV8ZC
61563;14;57495;41;15;;0;20180509;0UI7KA9RF3H1FHW50BDL
61593;8;46021;87;12;;0;20180509;XZC9UYJDMUXRUQ2IVWWL
61606;18;25297;451;7;;0;20180509;TV9Y7MDFY0VFY2UPJDW9
61746;9;83370;241;22;;0;20180509;BSLH1N513S1X5WTHCD4B
61968;11;29292;23;8;;0;20180509;1VITS0JT2KDSBK3NO55C
62089;12;95551;75;25;;0;20180509;U37IZB2X9D17NUKJABDS
62306;7;60948;275;16;;0;20180509;VBYG5M6N7FEV6N3V2355
62431;20;37376;313;10;;0;20180509;AF92ITGD1WW46BI1Q7MJ
62612;16;74549;394;19;0.1;0;20180509;2KAJZWQ243KXLKAQSPUY
62944;4;73798;297;19;;0;20180509;9MOO9C4UQLO7YOC3YUDO
63091;8;74114;168;19;0.1;0;20180509;37VYFZ3RSW2B0G497ACR
63209;9;47561;284;13;;0;20180509;80E62TY2J13RMZCKD60T
63224;17;15191;127;4;;0;20180509;HDJYEH49LKNZ4HH2RMTA
63278;6;25496;346;7;;0;20180509;ZBZD7WLT0O9Y4P7X90DR
63354;4;5262;416;2;;0;20180509;WBZEYE7S8TNOP5S2JVTD
63364;18;61768;414;16;;0;20180509;U88ELJTB2GEG5H6JPS3N
63414;22;88412;167;23;;0;20180509;X7F0BQIEIGUFAYYZ4GQG
63661;3;13582;93;4;;0;20180509;6W140OYXOE3UT6CI6FFW
63901;23;22394;277;6;0.2;0;20180509;WR0T601ELURF2B6SY9L0
64055;13;36844;59;10;;0;20180509;QZL9BLXJVTCHW6EEBBE3
64077;9;10526;318;3;;0;20180509;AT4DWZOQFN81AOOKGXMY
64110;11;12631;280;4;;0;20180509;O61G5WRP5SMY1B105M1K
64174;23;95776;212;25;;0;20180509;7BEBS08FM0UQOYK4696P
64222;5;95541;281;25;;0;20180509;92I93UTH55UC46K6LP2J
64350;18;96015;345;25;;0;20180509;NU5LD6W02LUZ94L8RJB9
64426;12;67228;215;18;0.2;0;20180509;YZCT8184OKAPZN2Z53GD
64538;12;19213;329;5;;0;20180509;COTW9JYLKFTMAUKC4VKU
64968;21;50216;432;13;;0;20180509;552RAAFEBJ82BXB23F1K
65005;13;97613;71;25;0.1;0;20180509;NN7F3CSQI6FXKQTZGXA9
65114;19;27546;452;7;;0;20180509;THXVCVCWOJL2137YBRFG
65278;10;47506;42;13;;0;20180509;KEG34E802DS2VMLJV68Q
65308;19;16755;333;5;0.2;0;20180509;3OO6DG17A5SQJ7930R88
65439;23;86940;103;23;;0;20180509;C36957NGHGV0M1L8VSUJ
65494;11;83453;413;22;;0;20180509;AU1Q7R2GN1R85P8KFNIZ
65665;21;60983;107;16;0.2;0;20180509;YSIODXIWTMPHASYVTJYF
65681;19;9893;257;3;0.2;0;20180509;WCWME5ZH1C37OUXWXJUB
65689;11;91993;287;24;0.1;0;20180509;7JT90TFS70KPXONDRXMH
65976;18;37680;367;10;;0;20180509;BOOTV17CIRLMNZ7EL3KN
66088;22;16592;15;5;;0;20180509;C4PPCEVZ1W3DXFHN53WP
66305;7;73883;427;19;;0;20180509;2DIG1MU59V30TEQWK5EY
66342;7;96201;227;25;;0;20180509;4DC3IDLVCT17RVUW44O8
66369;5;28411;183;8;0.1;0;20180509;JW9CXI1SZE3VHYSHOUWP
66484;16;75260;404;20;;0;20180509;799EZCISZZDT6AYLWP3O
66554;17;4367;21;2;;0;20180509;OXHV8XW61Y4ZZY06ZT1J
66573;9;47643;300;13;;0;20180509;50WF527HRCAFGX5F0RFE
66735;14;56501;22;15;;0;20180509;AHJ83AVMSUPZU5NJ82WL
66793;12;24196;151;7;0.2;0;20180509;9CZLB0P0OGPNFCG3JVCG
66917;11;60997;165;16;0.2;0;20180509;EV6NOXIY0YJISG3UYN6F
67097;1;73843;381;19;;0;20180509;B9VHKKK4HT9BFXX9Q7OB
67106;14;57372;269;15;;0;20180509;N059PU5NCL09HHF2K8D0
67130;9;86237;277;22;0.2;0;20180509;DMAASZ51FPNIJ7Z4O79Z
67145;6;98670;66;25;;0;20180509;STMGWKRZ80949WAEWNK1
67163;15;69545;362;18;;0;20180509;JV0RRIAYF1RB297MPBOM
67313;6;68971;409;18;0.2;0;20180509;TKLIF8LNJNQH8F1PX0BW
67448;17;22563;12;6;;0;20180509;BZWY78IRFT90HG1RTIQ8
67481;22;54150;446;14;;0;20180509;L5HAEPQASLDKN4EVLUXT
67666;22;43960;87;12;;0;20180509;82U895K582O1UIZ6OY55
67750;15;408;261;1;;0;20180509;HD5WIM6F0UA0HDOPV39H
67765;12;34423;271;9;0.1;0;20180509;7RPXDQQ2N42T6R6SSIE6
67790;8;32562;367;9;;0;20180509;7M5HWFD8LBB6JOCLD121
67801;19;69108;23;18;0.1;0;20180509;ESK0PW6436UMG98W7TKF
67893;2;8516;57;3;;0;20180509;KNUDQD36SK4KYTGKCR7T
68288;18;74043;342;19;;0;20180509;8WF10LEKXLF22AG4F0IS
68434;6;52640;224;14;;0;20180509;MN135N3Y96WRJA9DWLO9
68664;18;40947;420;11;;0;20180509;4K3X7EOHOII1HFTN9XEW
68732;16;76334;415;20;;0;20180509;2EOFJ2BVIWPJR6W6YDUQ
68759;16;8815;100;3;;0;20180509;G8W2B3WO3RXJRLDNK5GX
68823;2;63781;237;17;;0;20180509;4GQFQAZ54QBVJ4GYD8SV
69103;20;26854;199;7;;0;20180509;16DONKD6UVYW3N5P8KCS
69204;3;21355;402;6;0.2;0;20180509;NNYDJ2M2KLVIKDA7ZQ8X
69285;21;8732;168;3;0.1;0;20180509;M3Z0YTK4ZG7QF66FRQXK
69406;20;81239;370;21;;0;20180509;VVH5N6032RUOPXJGA3VC
69407;16;64609;282;17;;0;20180509;Z47XBJ5WU84ZAWERRI3W
69491;6;61512;329;16;;0;20180509;G39ZF1D6C066GZBGOUVE
69540;18;48935;49;13;;0;20180509;Q91XR4SK3YZER9PV66OH
69636;19;46169;216;12;;0;20180509;3WGAARZQKO95FUZQA5E3
69853;15;97860;255;25;;0;20180509;9VGRDWZKP4JOQ3L2Z40M
70165;3;58319;139;15;;0;20180509;NWF96S4BZP8CPCFA1WVK
70168;4;17626;112;5;;0;20180509;Q49KNL22EC0M3O4UD260
70337;4;45531;190;12;;0;20180509;XJIRZISM39FYBP5SJVQ9
70460;20;39362;317;10;;0;20180509;I7RQBNEE86G0TFHQLCIM
70503;20;8342;433;3;;0;20180509;VKNEIEL9JKQE9M8FGEW8
70647;2;57164;390;15;;0;20180509;CCZDCB4S38XEVK30ZRZT
70842;17;36557;389;10;;0;20180509;CD6KDXSGBTOIX5F57DBL
70878;10;55966;372;15;;0;20180509;KL0DR4RR785H7T8UTJ2N
70933;14;15856;228;5;0.1;0;20180509;T2KMMY1XOW54VETSRXI5
71088;9;47399;297;12;;0;20180509;PN1Y8SH7IFZT01YKQ69O
71256;17;54809;132;14;;0;20180509;Y7286ISUEJSS5ELOFSR8
71330;10;14806;328;4;;0;20180509;J6LMV9I08Y8OMUANFF5B
71393;16;41673;247;11;;0;20180509;934SK27GVLLCRT8KM0YA
71433;13;14690;254;4;;0;20180509;V1QC6FDX3YBDO8CH4CC7
72074;3;22831;408;6;;0;20180509;ZHZ3OST20N42D1A4GPFS
72190;22;54398;429;14;;0;20180509;J25G5TYG9CDHIIIEFZOX
72212;15;22584;277;6;0.1;0;20180509;VSTMHRSJVG5RUILJMY2J
72708;21;44126;350;12;0.2;0;20180509;3NGWN7KJONK6QSTYUDGO
72763;23;92307;163;24;;0;20180509;YE73U7P6IB93CW9Q14D7
72880;1;47299;79;12;0.2;0;20180509;6B1CGGPKHV68E0I2BTQS
72935;4;92618;50;24;;0;20180509;6HKYOKRJV9VKWMWETB1M
73009;6;41131;86;11;;0;20180509;PP97O1ZXD3B4DXL1PJY4
73107;9;4711;270;2;0.2;0;20180509;2ZFFIVT9SCWKP6YQ40UD
73124;5;81434;132;21;;0;20180509;LBEUUYOH79KQAOXI9U52
73255;11;46292;234;12;0.1;0;20180509;YL7PVHOLEBSJCSIG8ROT
73632;6;56601;272;15;;0;20180509;8ZI1LMZTAJ7X54ACJ3A8
73806;2;34033;347;9;;0;20180509;BEHKRXSOC1NP8KCAFPKF
73823;6;84693;365;22;0.1;0;20180509;SIMAOT93888C5CFHT1J1
73899;16;94883;394;25;;0;20180509;KMF7B9KJTKFJTUYF6NF7
74015;21;13253;10;4;;0;20180509;HLGIK4UR9Q4Y46PPBX57
74022;14;7446;356;2;;0;20180509;LE85LM2ECA4U3LFLRSKY
74454;14;32752;421;9;;0;20180509;VU1P8KHCZ4HSWQ1OQ4XW
74747;7;31811;186;9;;0;20180509;UMV0VVA0JCFK61TZ9FLO
74775;3;1209;178;1;;0;20180509;FN2KF6UHTOF1RVRGHIYD
75169;21;31733;424;9;;0;20180509;K8JNGUJWVU5TYKJI33JL
75407;23;96271;427;25;;0;20180509;8XULRPZY7V305G92YAA4
75475;2;10982;313;3;0.1;0;20180509;454M7Y6JN3QFKC6XEVXP
75501;14;1660;80;1;;0;20180509;FWWEHXAONBLSECUJ1UEL
75523;2;54045;132;14;0.1;0;20180509;VD6QDN641HY0E1IRRZUH
75707;17;21234;218;6;;0;20180509;6VX88IXHXW0DK3B2NCFC
75820;3;96136;351;25;;0;20180509;4YVVPYDAPRDGYA2AFKMH
76069;3;51488;52;14;;0;20180509;DO999654DMA178FYOWID
76328;21;14946;255;4;;0;20180509;YOMGMHHD3N0LFDX4ZGOS
76456;16;41376;5;11;0.2;0;20180509;QLJWXN4J545KJTF3VC36
76470;19;62403;398;16;;0;20180509;FZPM951N3D0VSF9KCQR5
76603;18;90589;295;23;;0;20180509;YIAHFLIWRSBEK7IQ8VO2
76915;20;1050;116;1;;0;20180509;T8R03K3APUI38V5UM79P
77122;19;55916;309;15;;0;20180509;GGKOHBIXXMQJ7X2Z6R2C
77196;11;74313;93;19;;0;20180509;F3LBHGNQ59HB81OEB5NT
77224;1;42271;246;11;;0;20180509;CMMN84DOMPBBJOOE3N2J
77343;6;32549;223;9;;0;20180509;09CY66YCCBNVFUA3G4AT
77394;7;12694;175;4;;0;20180509;JFM2IWGOAJFI4ZDYOCOR
77507;19;62626;162;16;;0;20180509;WC22F74J6IJNN3I8RADO
77589;9;43661;24;12;;0;20180509;HXJK6NSOE1Q6VU6XDJT5
77706;12;54992;295;14;;0;20180509;XDY57Q6HQQU8VY7003J7
77828;1;12850;128;4;;0;20180509;EGLTE5TZLHIS6XY5EOU1
77888;12;70991;26;18;;0;20180509;IZGLWT5AXL36Q2NOSS2D
77982;7;59048;273;15;;0;20180509;2N5K972J0IQQFE5YJ462
78030;2;83316;245;22;0.1;0;20180509;K03C23NPWNFSO31XARPN
78036;16;53062;391;14;;0;20180509;PPM918VWNU2N6SBW4T49
78112;13;9987;439;3;;0;20180509;AFJ5T9R86N5SEB51N2WH
78229;14;90548;190;23;0.1;0;20180509;XGD4NIXO2XBX12GI3PQ1
78285;11;30408;270;8;;0;20180509;NN4IS7A1818DFFR1LQ3C
78837;15;51901;406;14;;0;20180509;2LQY5ZGLC558GHN3B1I9
78865;4;18589;115;5;;0;20180509;BQWVOY442GJ9KF34YPBZ
78930;7;91400;388;24;0.2;0;20180509;VH2HXMTFLCKV5ZF2KHLC
78967;10;57985;369;15;;0;20180509;MGMXF1PDSUVJ4Z7PZQ0Q
79050;14;6883;364;2;;0;20180509;0LJ15YJ6MZEGFO8BU8LB
79168;20;554;349;1;;0;20180509;DS617U1BDAXXJGEARWQN
79338;12;31368;258;8;0.1;0;20180509;XNMLCJJRUO2SG2WSHK5Q
79345;5;28912;200;8;;0;20180509;6U2TWTJNA0J18IYTO1YK
79387;21;4434;139;2;;0;20180509;EE7MYYTEZAIEQ7VB5SCS
79425;8;35604;177;10;;0;20180509;UPXODVK6MRGMGDX167XH
79567;20;82399;372;21;;0;20180509;SA4CW4S36S1VS5BBUQKO
79724;8;13130;141;4;;0;20180509;A2VMKLR0NK7AS26PEW78
79811;16;37914;216;10;;0;20180509;PLEBY6544BXMY7PNGYCM
80059;16;70722;119;18;;0;20180509;2KZYDS9Z0BCUML2HJSU0
80215;12;51608;255;14;;0;20180509;FUKWS0MSN0UIFZJ3O09E
80441;11;89874;269;23;;0;20180509;YYIDPFYXXX0B4PBC6YPT
80555;14;39273;63;10;;0;20180509;2OAA5LACCV5RQRFSGXZM
80565;17;49349;295;13;;0;20180509;MVN65OL3JV0EXTBHLGGT
80895;14;46109;125;12;;0;20180509;SDZ7OK2JYVKER9LLV6IL
81009;22;98268;30;25;;0;20180509;EKCRSS6ICKQVV3Y8B3PM
81021;16;38184;212;10;0.1;0;20180509;QETOVQB3ZTZZ2MUAR3DL
81492;23;64330;73;17;;0;20180509;QG9QFBCMBT0W9LYS2RGX
81667;19;33956;76;9;0.1;0;20180509;Q9POXJ7O7U692R96X5A5
81785;13;79541;102;21;0.1;0;20180509;4VC8HF9ZRZ6WTZH1MY7A
81817;10;723;171;1;;0;20180509;RSG3YFOFSVA000XWLI2E
81831;13;9660;429;3;;0;20180509;XK3E9XAC1MO9C9CFEARY
81975;9;42024;238;11;;0;20180509;QXMWBFN0XXD55U5YAP7K
82270;6;83134;343;22;;0;20180509;QX9X2Q04HMQE293C30JR
82273;23;73689;411;19;;0;20180509;9SF59PK42DTVQ2QYSYPM
82362;21;19343;298;5;0.1;0;20180509;BC8EMRB8NJD4A4BFSDN3
82575;19;68782;228;18;;0;20180509;3CPLUJY2XZ2ASCFK3RHK
82775;18;67147;239;17;;0;20180509;405O21419Q32K6PYCV9C
82864;7;8446;365;3;;0;20180509;S9H66TG946DLBO1ZVQ8W
82867;20;81612;142;21;0.2;0;20180509;NF4VWTSKRZKGRFEZGFNJ
82873;9;29097;76;8;;0;20180509;QFHSYF26GPCS3UF9L0RY
82894;1;91853;360;24;;0;20180509;GHHW0EVLSTG55IB1CJQW
82928;9;36004;169;10;;0;20180509;ZBNISDEC57YLRSZ6JTC3
82942;16;14152;371;4;;0;20180509;T8WBEQOWPEZ0HZ7JUGWW
83173;20;17722;317;5;;0;20180509;1BZI1U7HCUMQSCM9LZW2
83258;13;1007;334;1;;0;20180509;CULA4X03AYL7B44BPVAD
83492;2;39937;409;11;;0;20180509;E3ABWQJBXQDCBLF93SX6
83566;20;5692;166;2;;0;20180509;E3TNQV602ZZP813T2X71
83615;2;41754;220;11;;0;20180509;M6Z5LX84FNHD9UKDUBZM
83673;5;20520;113;6;;0;20180509;VQWESFHTPWGAS7PGCP0E
83757;2;60680;426;16;;0;20180509;8IQSQXEY9FEZLGRPRDHZ
83784;15;60383;269;16;;0;20180509;CQ5GV9MIC2OI2S0ZAJZY
83885;8;30483;367;8;;0;20180509;J42EJSJUO0565F33MWIO
83961;22;51448;412;14;;0;20180509;WTJUE0SNP0OQ79WI4LMJ
84125;13;59966;322;16;;0;20180509;961RZ5SYK3T79U0ZU9Q5
84318;7;81972;82;21;;0;20180509;QEXCWMXYAEQAV5KTZGWO
84494;15;4824;310;2;;0;20180509;X082PCY4C7G0XFXFADRN
84502;11;87958;30;23;;0;20180509;96HZRGGDMYVYST9YPD5A
84567;1;15354;385;4;0.2;0;20180509;VQ5ZFSOYB9IVI83TL00H
84604;2;87041;39;23;;0;20180509;H0RB36ZIT6YG9A1IM0XH
84705;16;96155;432;25;0.2;0;20180509;MUC0OZ0040NU3RT5WHRQ
84714;13;44814;380;12;;0;20180509;F394079WOGWN51NAEYXH
84722;5;76653;305;20;;0;20180509;Q4KKERI306UVQ5W5P9TO
84859;23;93962;188;24;;0;20180509;Z460VMN6LFHXEMJVBB0I
84892;3;46659;241;12;;0;20180509;831ZV4FO5VTW6COPSAG4
85122;8;7366;86;2;;0;20180509;J52RDFD0WQD2G8YKB1SL
85165;20;78292;97;20;;0;20180509;KIDT3J5CDE9SEJPW6ERX
85372;10;74360;341;19;;0;20180509;B4UA9BR0CEK9SBM3937O
85583;14;85880;137;22;0.1;0;20180509;FSKT273C5924SY63DRTN
85620;5;26964;413;7;;0;20180509;58TOCO4T4AC8K9PO9P9N
86362;2;24015;226;7;;0;20180509;B59WY6V7T1TWA6RZZ6E4
86615;10;32347;323;9;;0;20180509;Q46TSV0ER7C8CAAHER51
86623;22;82869;313;21;;0;20180509;EIGZ8KB79WJ34SB79GZG
87079;1;3831;262;1;;0;20180509;MZD08SC97O7ARCE7RA1E
87136;3;54471;90;14;;0;20180509;WHOK59ME5DX0P27V3Q70
87164;11;35441;330;9;0.1;0;20180509;C3KTLIDR4ALD1AMZ2JWW
87204;7;59193;247;15;0.2;0;20180509;X27YULQ90LGMDC2LYULO
87528;21;47936;411;13;;0;20180509;NSE5RGAWWFVRYDDRD9BL
87670;20;3515;372;1;;0;20180509;8HA4JVHE90K0VENIV4TO
88073;22;32413;406;9;;0;20180509;LQB1AVMQLS27OEWQTIYS
88186;4;80303;128;21;;0;20180509;8HZULM3AE141ZC6E7418
88288;19;86823;211;22;;0;20180509;CZ0K2D26I1NEHQ7X7RE8
88402;18;26449;249;7;;0;20180509;MPJMPKL07NU5R48PV5A5
88561;18;67378;269;18;;0;20180509;MFA1FBU7K6RJIO6LJY6T
88950;6;14498;228;4;;0;20180509;JV0A2XWN12X1TBNUZJ62
89036;11;27786;226;8;0.1;0;20180509;QRIDRE5ZITU52J5KHUV0
89053;9;98609;193;25;;0;20180509;P9XKRBDG65AAON7SLQT9
89086;1;484;442;1;;0;20180509;XWBG8DE43GGPN4LO8LDI
89176;22;64309;111;17;;0;20180509;TE6UX52OH7OCMWWNA1QH
89214;7;84604;315;22;;0;20180509;XM504KO2RHOHS535FHZP
89293;3;97344;127;25;;0;20180509;PTB8VVT3XW1LF7P04UGI
89362;20;6134;164;2;0.1;0;20180509;L9FE3VVP193XISIQ2QIY
89385;7;24657;105;7;;0;20180509;EZZJ61KASE7TM98AIC2K
89659;13;44429;134;12;;0;20180509;20TFQDGNAQJBRZ5ORTZ1
89740;3;34476;106;9;0.1;0;20180509;C3LXIK0GBG2UA8EYHIQN
89815;13;32409;17;9;;0;20180509;I6S7EFWPQG2IV3YSXKXX
89905;23;54160;404;14;;0;20180509;S0NF3KX5CH14JT9T2LSD
89908;3;79395;375;21;;0;20180509;201X6BO3MXE9BA9KTFSP
90026;9;53355;124;14;;0;20180509;R7R8EWRK8H5X78FEBXYZ
90046;19;71338;56;19;;0;20180509;V22XM219MRS7EUE7VMF7
90047;11;31526;63;8;0.2;0;20180509;05CK7LKPY41D0G8AJ0QA
90238;12;17824;316;5;;0;20180509;OMYTAZT4W7UBV0UNXAET
90242;17;10677;305;3;;0;20180509;DKLFT9C2QB6O8O6O39CA
90281;10;45811;21;12;;0;20180509;PPISY9Y8MRF517IL055A
90288;12;14316;277;4;0.2;0;20180509;TNMTHV6SMFN7FR8W9G6I
90855;16;26975;317;7;;0;20180509;ZCAP9W5EWT341L5O78BG
90972;15;57114;220;15;;0;20180509;Z3BY53X0CSEN3DQ1OUJ9
91031;15;47153;108;12;0.2;0;20180509;F6SCCVOSPD7M2GM3DNMA
91099;10;92862;108;24;0.1;0;20180509;NM9548F0EB27PIDXD84R
91147;10;67458;48;18;;0;20180509;RJMX18U0LEPHY3ELBQMO
91311;8;94475;421;24;0.2;0;20180509;DOSOPAA1CYEEKT3A9BNE
91314;5;75540;60;20;;0;20180509;W7XE5YFGQCVNB9Y58K3I
91408;19;50640;46;13;;0;20180509;5F8PSSB5VM9D6QB807F3
91435;4;94791;299;24;0.2;0;20180509;TXF5PMMBKWSGMRTU21QP
91709;21;56977;267;15;0.2;0;20180509;PWNSNNLXCJSSCM6YX6OT
91819;18;38969;158;10;;0;20180509;Z8L03D5KG08IB83BTNS2
91996;14;83459;103;22;;0;20180509;XVTPLQ2GXYHBTU7CDL43
92136;7;39675;29;11;;0;20180509;7AKTO83AAITB5T5JVGHT
92409;17;38738;399;10;;0;20180509;UXMMGD1IIHS58QL96CCX
92793;21;14597;251;4;;0;20180509;7UC5XCE2837VHC2X3AX4
92810;10;24696;444;7;;0;20180509;Y6QMO1HDJSW5NSVP59FT
92899;17;85508;258;22;;0;20180509;VBL7XC548Y713R5C9NYI
92919;5;52618;21;14;0.2;0;20180509;H63DF6UDH8EWQCUZPVNF
93142;15;17294;1;5;;0;20180509;G42QRGKL43PQM5XW5E1V
93198;1;81312;5;21;;0;20180509;HRKKBK1YUG7GAOOL9GBW
93207;13;47634;394;13;0.2;0;20180509;QRXRTIM9Q1IVPQQ2WTGL
93232;19;61870;385;16;0.1;0;20180509;SCG3XM496XS6DIR3BKTC
93290;1;75089;407;20;;0;20180509;5YFME294C2N48YLYLJS2
93367;9;23094;4;6;;0;20180509;AV2DO1JR4OWWEFEVIODS
93416;8;96357;430;25;;0;20180509;USWNOXVE6SATO2A6GHWZ
93499;20;91638;34;24;;0;20180509;XFXNE3Q2CNE8CKGXVJ2T
93500;10;32029;299;9;;0;20180509;3P0O5P040NIOP2NZCFM1
93735;4;43826;163;12;;0;20180509;HHIR8X5B0S7WJFE0UAPU
93748;9;34892;156;9;;0;20180509;Z2UND34J2ZA4YV239TGC
93788;14;44801;345;12;;0;20180509;BJ16YCVAZKYTV7S47LF8
93870;14;49822;407;13;;0;20180509;7CWZC4J38ES7APVREFRZ
93898;8;94072;191;24;;0;20180509;ODBXKEQ6CEO1YQM28UNX
93997;4;90121;38;23;0.2;0;20180509;BPXAF81KKLI7TGRKZYDK
94057;3;5349;216;2;0.1;0;20180509;P1AHVS2Y5XBSHFKOVKAJ
94170;15;5747;324;2;;0;20180509;40TCDBUSUU77Y6MOB8EF
94469;11;24847;418;7;;0;20180509;6VUJ8J6IO8WXNG2FO1H3
94568;20;60973;358;16;;0;20180509;KFCK3D1D1003J3934HQM
94693;19;17568;94;5;;0;20180509;KUA779HDECU8RU61K250
94785;17;51844;114;14;;0;20180509;T7HHAVAQTU63Q2V0737J
94886;22;74292;226;19;;0;20180509;QWAYT06UKNWD46MT9WDD
95445;22;74682;226;19;;0;20180509;68K4NLLIEQTXS4KSVK9C
95669;17;65626;273;17;;0;20180509;N2Z65BTAGSDUI3QEXVRJ
96011;1;18257;424;5;;0;20180509;0TSSSBL4SHLYB9I1HXQ0
96135;9;38600;177;10;;0;20180509;LA2PY1S2AB6B9N2KRZYR
96326;11;36080;106;10;;0;20180509;8IQACU9NHUXG5O4JAXP2
96552;6;13160;452;4;;0;20180509;1VPJPV6V8S4A0CID13AI
96613;5;41414;356;11;;0;20180509;4U58M3QR2YCBQQZNVDQV
96872;10;32215;319;9;0.2;0;20180509;Z86LXL38323MCNFNQIFL
96968;14;80048;285;21;;0;20180509;2MKWJNYG7SSD29JG2ZNN
97163;2;91853;341;24;;0;20180509;MCZ951U28F7DH6QCPUL3
97313;2;79951;185;21;;0;20180509;BOOKJY29GY91PZK0G6JR
97337;5;9773;442;3;0.2;0;20180509;KFA7B52N1CNC8DLAH42D
97367;14;56961;249;15;0.2;0;20180509;7LADXZD6T1YTGAJL1NH5
97552;20;90507;448;23;0.1;0;20180509;EG5UQQRGM1P4EPQF13LT
97611;3;16191;324;5;;0;20180509;S6OCWHA1WQEQNMGC14BZ
97626;4;55538;71;15;;0;20180509;FLJOX6YESQRB3BYV85KL
97779;10;72672;87;19;0.1;0;20180509;1KPCBBUV5CWS2073DBDC
97828;10;65469;4;17;;0;20180509;XWTOM5NTOO1IUCM5L7GT
97971;2;19982;177;6;;0;20180509;0MTYZCWRP2QCMVZ9F1VR
97987;19;4610;197;2;;0;20180509;L9VDQS318F6V0FDT7XRM
98207;14;57519;43;15;;0;20180509;ITU0HC8WO1ZBZFE9CCE0
98315;13;94987;270;25;;0;20180509;Z4RFL6GTOLR9T0U77RFR
98342;1;56637;177;15;;0;20180509;KAJ2QMFIFGCRN88O7R97
98388;10;57990;385;15;0.2;0;20180509;1X328DPFJ9J8Z5FRFGQI
98408;8;92716;390;24;;0;20180509;DG5C9WN71LBISN47VHQ7
98565;4;32500;265;9;;0;20180509;1P82FUK3BB93TJ1XRNNO
98570;15;95324;444;25;0.1;0;20180509;ZG8K0TKSK6EX3U612A1Q
98653;15;79073;19;21;;0;20180509;3JXF9D89FTZQX6BY4Q85
98959;7;27562;136;7;;0;20180509;RDLTEXNHB21NIZAZF8ZH
98966;2;86293;264;22;;0;20180509;Y9DSBQGYE3X1EN6OFOZZ
99198;22;43758;81;12;;0;20180509;IUMPHZYBZV5RXLTBXU10
99262;14;37166;265;10;;0;20180509;HNO2OTGU029E8CRLZUOR
99263;4;40391;136;11;;0;20180509;Q10NXKZKA5M0C68LP3Q8
99322;12;78733;111;20;;0;20180509;H2PQF3P7PHUWLVJCYMKP
99469;8;83626;290;22;;0;20180509;51819LEZR2MTF1QEPB81
99528;3;65327;215;17;;0;20180509;7FPS8SCEBQ301YZ8RB70
99685;12;84952;414;22;;0;20180509;F0FJ9GGDBR3VZOTVRXZB
99708;21;23712;334;7;;0;20180509;NEC0IY2NCXRH5QP9B2J3
99715;12;12080;19;4;0.2;0;20180509;WGPUTJI440HDYM0A3RM7
99731;14;39821;295;11;0.2;0;20180509;Z4RMGF9PY7WUOYFYF3XR
99732;3;64564;202;17;;0;20180509;FL3OK79W88IVMS2EWLJH
99932;13;31544;4;8;0.1;0;20180509;HYYT7N27K49TVUFT00WQ
99988;20;26002;400;7;;0;20180509;UF0NQAI3J98YA3G6TRXJ
